{"cameraMode":{"drawMode":0,"name":"Shaded","section":"Shading Mode"},"sceneLighting":true,"audioPlay":false,"sceneViewState":{"m_AlwaysRefresh":false,"showFog":true,"showSkybox":true,"showFlares":true,"showImageEffects":true,"showParticleSystems":true,"showVisualEffectGraphs":true,"m_FxEnabled":true},"in2DMode":false,"pivot":{"x":21.679706573486329,"y":0.6188938617706299,"z":-24.482650756835939},"rotation":{"x":0.10052189230918884,"y":0.37793654203414919,"z":-0.0413200818002224,"w":0.9194308519363403},"size":0.8687534332275391,"orthographic":false}